[Header],,,,,,,,,
IEMFileVersion,4,,,,,,,,
Investigator Name,AG Damm,,,,,,,,
Experiment Name,11.06.2020,,,,,,,,
Date,11.06.2020,,,,,,,,
Workflow,GenerateFASTQ,,,,,,,,
Application,FASTQ Only,,,,,,,,
Assay,,,,,,,,,
Description,,,,,,,,,
Chemistry,Amplicon,,,,,,,,
,,,,,,,,,
[Reads],,,,,,,,,
300,,,,,,,,,
,,,,,,,,,
,,,,,,,,,
[Settings],,,,,,,,,
ReverseComplement,0,,,,,,,,
,,,,,,,,,
[Data],,,,,,,,,
Sample_ID,Sample_Name,Sample_Plate,Sample_Well,I7_Index_ID,index,I5_Index_ID,index2,Sample_Project,Description
1,AML_T1,,C11,i711,AGCGATAG,i503,CCTATCCT,AML-7,
2,AML_T2,,B01,i701,ATTACTCG,i502,ATAGAGGC,AML-7,
3,AML_T3,,C01,i701,ATTACTCG,i503,CCTATCCT,AML-7,
4,AML_T4,,D01,i701,ATTACTCG,i504,GGCTCTGA,AML-7,
5,AML_N1,,E01,i701,ATTACTCG,i505,AGGCGAAG,AML-7,
6,AML_N2,,F01,i701,ATTACTCG,i506,TAATCTTA,AML-7,
7,AML_N3,,G01,i701,ATTACTCG,i507,CAGGACGT,AML-7,
8,AML_N4,,H01,i701,ATTACTCG,i508,GTACTGAC,AML-7,
9,pool01,,A02,i702,TCCGGAGA,i501,TATAGCCT,RIKE,
10,pool02,,B02,i702,TCCGGAGA,i502,ATAGAGGC,RIKE,
11,pool03,,C02,i702,TCCGGAGA,i503,CCTATCCT,RIKE,
12,pool04,,D02,i702,TCCGGAGA,i504,GGCTCTGA,RIKE,
13,pool05,,E02,i702,TCCGGAGA,i505,AGGCGAAG,RIKE,
14,pool06,,F02,i702,TCCGGAGA,i506,TAATCTTA,RIKE,
15,pool07,,G02,i702,TCCGGAGA,i507,CAGGACGT,RIKE,
16,pool08,,H02,i702,TCCGGAGA,i508,GTACTGAC,RIKE,
17,pool09,,A03,i703,CGCTCATT,i501,TATAGCCT,RIKE,
18,pool10,,B03,i703,CGCTCATT,i502,ATAGAGGC,RIKE,
19,pool11,,C03,i703,CGCTCATT,i503,CCTATCCT,RIKE,
20,pool12,,D03,i703,CGCTCATT,i504,GGCTCTGA,RIKE,
21,pool13,,E03,i703,CGCTCATT,i505,AGGCGAAG,RIKE,
22,pool14,,F03,i703,CGCTCATT,i506,TAATCTTA,RIKE,
23,pool15,,G03,i703,CGCTCATT,i507,CAGGACGT,RIKE,
24,pool16,,H03,i703,CGCTCATT,i508,GTACTGAC,RIKE,
25,pool17,,A04,i704,GAGATTCC,i501,TATAGCCT,RIKE,
26,pool18,,B04,i704,GAGATTCC,i502,ATAGAGGC,RIKE,
27,pool19,,C04,i704,GAGATTCC,i503,CCTATCCT,RIKE,
28,pool20,,D04,i704,GAGATTCC,i504,GGCTCTGA,RIKE,
29,pool21,,E04,i704,GAGATTCC,i505,AGGCGAAG,RIKE,
30,pool22,,F04,i704,GAGATTCC,i506,TAATCTTA,RIKE,
31,pool23,,G04,i704,GAGATTCC,i507,CAGGACGT,RIKE,
32,pool24,,H04,i704,GAGATTCC,i508,GTACTGAC,RIKE,
33,pool25,,A05,i705,ATTCAGAA,i501,TATAGCCT,RIKE,
34,pool26,,B05,i705,ATTCAGAA,i502,ATAGAGGC,RIKE,
35,pool27,,C05,i705,ATTCAGAA,i503,CCTATCCT,RIKE,
36,pool28,,D05,i705,ATTCAGAA,i504,GGCTCTGA,RIKE,
37,pool29,,E05,i705,ATTCAGAA,i505,AGGCGAAG,RIKE,
38,pool30,,F05,i705,ATTCAGAA,i506,TAATCTTA,RIKE,
39,pool31,,G05,i705,ATTCAGAA,i507,CAGGACGT,RIKE,
40,pool32,,H05,i705,ATTCAGAA,i508,GTACTGAC,RIKE,
41,pool33,,A06,i706,GAATTCGT,i501,TATAGCCT,RIKE,
42,pool34,,B06,i706,GAATTCGT,i502,ATAGAGGC,RIKE,
43,pool35,,C06,i706,GAATTCGT,i503,CCTATCCT,RIKE,
44,pool36,,D06,i706,GAATTCGT,i504,GGCTCTGA,RIKE,
45,pool37,,E06,i706,GAATTCGT,i505,AGGCGAAG,RIKE,
46,pool38,,F06,i706,GAATTCGT,i506,TAATCTTA,RIKE,
47,pool39,,G06,i706,GAATTCGT,i507,CAGGACGT,RIKE,
48,pool40,,H06,i706,GAATTCGT,i508,GTACTGAC,RIKE,
49,pool41,,A07,i707,CTGAAGCT,i501,TATAGCCT,RIKE,
50,pool42,,B07,i707,CTGAAGCT,i502,ATAGAGGC,RIKE,
51,pool43,,C07,i707,CTGAAGCT,i503,CCTATCCT,RIKE,
52,pool44,,D07,i707,CTGAAGCT,i504,GGCTCTGA,RIKE,
53,pool45,,E07,i707,CTGAAGCT,i505,AGGCGAAG,RIKE,
54,pool46,,F07,i707,CTGAAGCT,i506,TAATCTTA,RIKE,
55,pool47,,G07,i707,CTGAAGCT,i507,CAGGACGT,RIKE,
56,pool48,,H07,i707,CTGAAGCT,i508,GTACTGAC,RIKE,
57,pool49,,A08,i708,TAATGCGC,i501,TATAGCCT,RIKE,
58,pool50,,B08,i708,TAATGCGC,i502,ATAGAGGC,RIKE,
59,pool51,,C08,i708,TAATGCGC,i503,CCTATCCT,RIKE,
60,pool52,,D08,i708,TAATGCGC,i504,GGCTCTGA,RIKE,
61,pool53,,E08,i708,TAATGCGC,i505,AGGCGAAG,RIKE,
62,pool54,,F08,i708,TAATGCGC,i506,TAATCTTA,RIKE,
63,pool55,,G08,i708,TAATGCGC,i507,CAGGACGT,RIKE,
64,pool56,,H08,i708,TAATGCGC,i508,GTACTGAC,RIKE,
65,pool57,,A09,i709,CGGCTATG,i501,TATAGCCT,RIKE,
66,pool58,,B09,i709,CGGCTATG,i502,ATAGAGGC,RIKE,
67,pool59,,C09,i709,CGGCTATG,i503,CCTATCCT,RIKE,
68,pool60,,D09,i709,CGGCTATG,i504,GGCTCTGA,RIKE,
69,pool61,,E09,i709,CGGCTATG,i505,AGGCGAAG,RIKE,
70,pool62,,F09,i709,CGGCTATG,i506,TAATCTTA,RIKE,
71,pool63,,G09,i709,CGGCTATG,i507,CAGGACGT,RIKE,
72,pool64,,H09,i709,CGGCTATG,i508,GTACTGAC,RIKE,
73,pool65,,A10,i710,TCCGCGAA,i501,TATAGCCT,RIKE,
74,pool66,,B10,i710,TCCGCGAA,i502,ATAGAGGC,RIKE,
75,pool67,,C10,i710,TCCGCGAA,i503,CCTATCCT,RIKE,
76,pool68,,D10,i710,TCCGCGAA,i504,GGCTCTGA,RIKE,
77,pool69,,E10,i710,TCCGCGAA,i505,AGGCGAAG,RIKE,
78,pool70,,F10,i710,TCCGCGAA,i506,TAATCTTA,RIKE,
79,pool71,,G10,i710,TCCGCGAA,i507,CAGGACGT,RIKE,
80,pool72,,H10,i710,TCCGCGAA,i508,GTACTGAC,RIKE,
81,pool73,,A11,i711,AGCGATAG,i501,TATAGCCT,RIKE,
82,pool74,,B11,i711,AGCGATAG,i502,ATAGAGGC,RIKE,
